{
  "assemblyStates": {
    "Apps.form.SimpleApproval.Expressions.DN9GI366e2G1SqhpC3PTLt": {
      "namespace": null,
      "providerName": "Apps",
      "key": {
        "name": "Apps.form.SimpleApproval.Expressions.DN9GI366e2G1SqhpC3PTLt",
        "hash": null,
        "assemblyName": "Apps.form.SimpleApproval.Expressions.DN9GI366e2G1SqhpC3PTLt"
      }
    },
    "Apps.form.SimpleApproval.gbicIYzxX3gg": {
      "namespace": "",
      "providerName": "Apps",
      "key": {
        "name": "Apps.form.SimpleApproval.gbicIYzxX3gg",
        "hash": null,
        "assemblyName": "Apps.form.SimpleApproval.gbicIYzxX3gg"
      }
    },
    "Apps.action.gdc005Xk3Qg": {
      "namespace": "",
      "providerName": "Apps",
      "key": {
        "name": "Apps.action.gdc005Xk3Qg",
        "hash": null,
        "assemblyName": "Apps.action.gdc005Xk3Qg"
      }
    }
  }
}