{
  "assemblyStates": {
    "ExtendedExtractionRe.Rk0kl1vx6NJ1pjQO02FhD9B4": {
      "namespace": "UiPath.IntelligentOCR.StudioWeb.Activities.SWEntities.ExtendedExtractionResultsForDocumentData.Invoices.Bundle",
      "providerName": "CustomEntities",
      "key": {
        "name": "UiPath.IntelligentOCR.StudioWeb.Activities.SWEntities.ExtendedExtractionResultsForDocumentData.Invoices",
        "hash": "NTQ4NTQ2MTA2",
        "assemblyName": "ExtendedExtractionRe.Rk0kl1vx6NJ1pjQO02FhD9B4"
      }
    }
  }
}